login,full_name,created_at,stargazers_count,watchers_count,language,has_projects,has_wiki,license_name
AlexGyver,AlexGyver/3dpov,2020-04-18T12:58:52Z,7,7,C++,True,True,mit
AlexGyver,AlexGyver/AC_Dimmer,2017-10-04T22:27:47Z,47,47,C,True,True,
AlexGyver,AlexGyver/AiFrame,2024-07-17T11:52:58Z,14,14,C,True,True,mit
AlexGyver,AlexGyver/Aim-Fan,2018-05-28T13:03:26Z,16,16,C++,True,True,mit
AlexGyver,AlexGyver/AlexGyver,2020-10-15T23:12:38Z,50,50,,True,True,
AlexGyver,AlexGyver/alexgyver.github.io,2019-08-02T13:07:33Z,43,43,JavaScript,True,True,
AlexGyver,AlexGyver/ALight_by_KARMAN,2019-10-16T10:54:29Z,24,24,C,True,True,
AlexGyver,AlexGyver/AmbiSensor,2023-08-05T15:28:40Z,16,16,C++,True,True,mit
AlexGyver,AlexGyver/Arduino_Ambilight,2017-08-25T23:11:55Z,152,152,C++,True,True,
AlexGyver,AlexGyver/Arduino_speedometer,2017-03-04T20:50:03Z,21,21,C++,True,True,
AlexGyver,AlexGyver/ArmTank,2021-11-09T07:40:04Z,10,10,C++,True,True,mit
AlexGyver,AlexGyver/Auto-Pumps,2018-05-13T13:33:34Z,20,20,C++,True,True,
AlexGyver,AlexGyver/autoHumidifier,2017-11-02T06:58:55Z,23,23,C++,True,True,
AlexGyver,AlexGyver/automaticTrashcan_v2,2017-10-18T21:50:38Z,10,10,C++,True,True,mit
AlexGyver,AlexGyver/Auto_Pump_Sleep,2018-05-29T12:46:34Z,30,30,C++,True,True,
AlexGyver,AlexGyver/BallClock,2024-09-24T13:32:09Z,8,8,C++,True,True,mit
AlexGyver,AlexGyver/BendeRadio,2023-09-17T11:50:41Z,21,21,C++,True,True,mit
AlexGyver,AlexGyver/Bitmaper,2024-06-22T15:20:17Z,38,38,JavaScript,True,True,
AlexGyver,AlexGyver/BluetoothCar,2018-10-11T21:23:30Z,26,26,C++,True,True,mit
AlexGyver,AlexGyver/capacity-tester,2021-03-16T15:42:38Z,3,3,C++,True,True,
AlexGyver,AlexGyver/ChristmasLights,2019-12-23T14:13:14Z,40,40,C++,True,True,
AlexGyver,AlexGyver/Chron2,2021-03-08T13:12:17Z,4,4,C++,True,True,
AlexGyver,AlexGyver/Chronograph,2021-03-07T20:00:49Z,3,3,C++,True,True,
AlexGyver,AlexGyver/ColorMusic,2018-03-14T11:32:58Z,178,178,C++,True,True,mit
AlexGyver,AlexGyver/ColorMusicRGB,2021-08-25T05:33:30Z,5,5,C++,True,True,
AlexGyver,AlexGyver/COVID19,2020-04-23T14:44:28Z,12,12,C,True,True,mit
AlexGyver,AlexGyver/crypto,2020-10-15T22:29:38Z,33,33,Processing,True,True,
AlexGyver,AlexGyver/CyberEYE,2019-10-31T10:57:28Z,6,6,C++,True,True,mit
AlexGyver,AlexGyver/Dawn-Clock,2018-11-26T22:25:01Z,18,18,C++,True,True,
AlexGyver,AlexGyver/DigiSand,2024-01-31T13:59:49Z,22,22,C++,True,True,
carlcastanas,carlcastanas/100-days-coding-challenge,2023-09-16T10:49:05Z,26,26,,True,True,
carlcastanas,carlcastanas/143,2024-08-26T14:40:15Z,3,3,HTML,True,True,
carlcastanas,carlcastanas/Algorithm-Explanation,2023-04-15T16:23:55Z,8,8,Python,True,True,
carlcastanas,carlcastanas/apollo-client,2022-03-11T09:42:44Z,2,2,,True,False,mit
carlcastanas,carlcastanas/App-Development-Swift,2022-03-19T03:35:49Z,3,3,Swift,True,True,
carlcastanas,carlcastanas/awesome-github-profile-readme-templates,2021-12-19T15:17:48Z,6,6,HTML,True,True,
carlcastanas,carlcastanas/Beginners-Guide-to-Programming,2024-04-28T12:15:41Z,22,22,,True,True,
carlcastanas,carlcastanas/Capstone,2022-03-17T14:27:12Z,8,8,,True,True,
carlcastanas,carlcastanas/Capstone-Generator,2022-04-02T10:39:14Z,59,59,JavaScript,True,True,
carlcastanas,carlcastanas/Capstone-Guide,2024-02-15T06:52:46Z,55,55,,True,False,
carlcastanas,carlcastanas/carlcastanas,2023-01-22T04:10:39Z,36,36,,True,True,
carlcastanas,carlcastanas/Chess-Roadmap,2024-09-18T17:24:38Z,0,0,,True,True,
carlcastanas,carlcastanas/CloneWeb,2023-09-20T05:19:07Z,2,2,Shell,True,True,
carlcastanas,carlcastanas/Code_Memes,2024-08-20T12:47:03Z,10,10,HTML,True,True,
carlcastanas,carlcastanas/coding-interview-university,2021-12-28T19:33:02Z,4,4,,True,False,cc-by-sa-4.0
carlcastanas,carlcastanas/Community-Developer-Roadmap,2022-02-07T11:35:16Z,1,1,,True,True,apache-2.0
carlcastanas,carlcastanas/Computer-Science-Roadmap,2023-08-27T05:39:06Z,32,32,,True,True,
carlcastanas,carlcastanas/Cybersecurity-Roadmap,2023-08-26T04:06:23Z,342,342,,True,True,
carlcastanas,carlcastanas/DDos-Attack,2021-12-19T18:57:18Z,0,0,,True,True,
carlcastanas,carlcastanas/design-resources-for-developers,2022-06-04T13:20:57Z,5,5,,True,True,apache-2.0
carlcastanas,carlcastanas/eco-game,2024-09-22T12:57:19Z,0,0,,True,True,
carlcastanas,carlcastanas/FAANG-Resources-1,2021-12-19T19:15:19Z,2,2,Roff,True,True,apache-2.0
carlcastanas,carlcastanas/freelancing,2024-09-18T14:41:10Z,0,0,,True,True,
carlcastanas,carlcastanas/Google-Maps-Business-Data-Scraper,2023-08-26T15:45:58Z,4,4,Python,True,True,
carlcastanas,carlcastanas/InstaUnfollow-Tracker,2024-09-30T09:55:28Z,2,2,HTML,True,True,
carlcastanas,carlcastanas/IT-Career-Roadmap,2024-10-03T08:48:39Z,0,0,,True,True,
carlcastanas,carlcastanas/IT-curriculum-guide,2023-08-10T03:17:16Z,322,322,,True,True,
carlcastanas,carlcastanas/IT-GUIDE,2024-07-29T11:54:38Z,59,59,,True,True,
carlcastanas,carlcastanas/IT-Resources,2023-09-30T06:43:24Z,41,41,,True,True,
carlcastanas,carlcastanas/java_algorithm,2022-10-17T15:55:36Z,8,8,Java,True,True,
sergeyshaykhullin,sergeyshaykhullin/argo-helm,2021-03-15T18:04:53Z,4,4,Mustache,True,False,apache-2.0
sergeyshaykhullin,sergeyshaykhullin/bitnami-docker-minio,2021-09-13T18:11:02Z,0,0,Shell,True,True,other
sergeyshaykhullin,sergeyshaykhullin/charts,2021-01-19T11:14:14Z,9,9,Mustache,True,False,other
sergeyshaykhullin,sergeyshaykhullin/charts-1,2021-06-03T12:37:21Z,0,0,Mustache,True,True,mit
sergeyshaykhullin,sergeyshaykhullin/consul-helm,2020-12-07T09:55:53Z,6,6,,True,True,mpl-2.0
sergeyshaykhullin,sergeyshaykhullin/ExchangeToExchangeBinding,2022-09-23T20:42:49Z,0,0,C#,True,True,
sergeyshaykhullin,sergeyshaykhullin/gologin,2021-11-28T13:55:59Z,0,0,JavaScript,True,True,
sergeyshaykhullin,sergeyshaykhullin/Hangfire.Atoms,2020-06-21T11:47:06Z,14,14,C#,True,True,mit
sergeyshaykhullin,sergeyshaykhullin/helm-charts,2020-12-10T19:36:57Z,11,11,Go,True,True,apache-2.0
sergeyshaykhullin,sergeyshaykhullin/helm-charts-1,2021-03-12T18:57:01Z,3,3,Smarty,True,False,apache-2.0
sergeyshaykhullin,sergeyshaykhullin/helm-charts-2,2021-06-04T15:49:27Z,0,0,,True,True,apache-2.0
sergeyshaykhullin,sergeyshaykhullin/hotchocolate,2021-02-06T18:36:03Z,21,21,,True,False,mit
sergeyshaykhullin,sergeyshaykhullin/k8s,2021-07-10T19:36:29Z,0,0,,True,True,apache-2.0
sergeyshaykhullin,sergeyshaykhullin/k8s-wait-for,2020-12-28T10:40:02Z,8,8,,True,True,mit
sergeyshaykhullin,sergeyshaykhullin/MassTransit.Riders.Diagnostics.Demo,2020-10-13T19:23:59Z,8,8,C#,True,True,
sergeyshaykhullin,sergeyshaykhullin/sergeyshaykhullin,2021-01-21T10:44:10Z,28,28,,True,True,
alexey-goloburdin,alexey-goloburdin/botanim-bot,2023-01-21T17:33:31Z,178,178,Python,True,True,
alexey-goloburdin,alexey-goloburdin/debian-set-up-for-django,2019-06-12T11:37:30Z,334,334,,True,True,
alexey-goloburdin,alexey-goloburdin/debian-set-up-for-php,2019-09-02T01:10:59Z,29,29,,True,True,
alexey-goloburdin,alexey-goloburdin/django-clean-template,2019-09-29T16:40:01Z,433,433,Python,True,True,
alexey-goloburdin,alexey-goloburdin/django-orm-vs-json_agg,2024-07-21T23:01:46Z,3,3,Python,True,True,
alexey-goloburdin,alexey-goloburdin/dnd-demo,2022-09-13T20:15:05Z,23,23,JavaScript,True,True,
alexey-goloburdin,alexey-goloburdin/drfjsondemo,2021-11-11T13:06:33Z,3,3,,True,True,
alexey-goloburdin,alexey-goloburdin/eng-ru-dictionary,2024-03-25T07:16:35Z,197,197,,True,True,
alexey-goloburdin,alexey-goloburdin/fix-donate-telegram,2022-11-16T14:28:23Z,10,10,Python,True,True,
alexey-goloburdin,alexey-goloburdin/frontend-project-example,2022-07-10T10:59:03Z,9,9,TypeScript,True,True,
alexey-goloburdin,alexey-goloburdin/knowledge-base,2024-05-17T00:46:05Z,155,155,,True,True,
alexey-goloburdin,alexey-goloburdin/mdBook,2022-05-27T17:00:50Z,3,3,,True,True,mpl-2.0
alexey-goloburdin,alexey-goloburdin/nvim-config,2021-10-03T11:53:22Z,223,223,Vim Script,True,True,
alexey-goloburdin,alexey-goloburdin/pgspecial,2023-01-15T14:55:36Z,0,0,,True,True,bsd-3-clause
alexey-goloburdin,alexey-goloburdin/phoneinput,2021-03-31T13:08:28Z,184,184,JavaScript,True,True,
alexey-goloburdin,alexey-goloburdin/postgres-s3-backuper,2020-05-14T15:01:39Z,39,39,Python,True,True,
alexey-goloburdin,alexey-goloburdin/react-typescript-component-generator,2022-06-29T17:42:59Z,16,16,Python,True,True,
alexey-goloburdin,alexey-goloburdin/schulze-method,2023-01-28T17:05:24Z,0,0,,True,True,apache-2.0
alexey-goloburdin,alexey-goloburdin/solid-todomvc,2022-07-17T11:57:41Z,2,2,,True,True,
alexey-goloburdin,alexey-goloburdin/telegram-finance-bot,2019-12-30T17:21:12Z,421,421,Python,True,True,
alexey-goloburdin,alexey-goloburdin/tests,2022-03-09T14:35:20Z,3,3,,True,True,
alexey-goloburdin,alexey-goloburdin/thanks,2022-02-14T19:18:18Z,252,252,,True,True,
alexey-goloburdin,alexey-goloburdin/tinkoff-analytics,2020-12-16T00:32:02Z,66,66,Python,True,True,
alexey-goloburdin,alexey-goloburdin/typed-python-book,2022-05-27T19:20:14Z,123,123,Handlebars,True,True,other
alexey-goloburdin,alexey-goloburdin/weather,2022-05-25T16:07:39Z,100,100,Python,True,True,
alexey-goloburdin,alexey-goloburdin/youtube-google-sheets-python,2019-08-26T03:20:31Z,43,43,Python,True,True,
alexey-goloburdin,alexey-goloburdin/youtube-python-structures,2019-07-31T14:53:38Z,19,19,Python,True,True,
richardroberti,richardroberti/bmi,2023-02-26T22:20:42Z,10,10,Python,True,True,
richardroberti,richardroberti/richardroberti,2024-01-04T16:35:22Z,0,0,,True,True,
richardroberti,richardroberti/stalk0,2023-02-03T22:33:43Z,13,13,,True,True,
richardroberti,richardroberti/term,2023-05-16T23:02:40Z,1,1,Shell,True,True,
ksemaev,ksemaev/cardano-rest,2020-06-04T14:07:31Z,5,5,Haskell,True,True,apache-2.0
ksemaev,ksemaev/fluent-plugin-rewrite-tag-filter,2019-11-06T09:00:42Z,6,6,,True,False,other
ksemaev,ksemaev/lpic_1-101,2017-08-21T09:32:53Z,426,426,,True,True,
ksemaev,ksemaev/lpic_1-102,2017-08-21T09:42:18Z,177,177,,True,True,
ksemaev,ksemaev/lpic_2-201,2017-09-03T18:37:25Z,114,114,,True,True,
ksemaev,ksemaev/manuals,2017-08-21T09:46:48Z,128,128,,True,True,
ksemaev,ksemaev/neo-cli,2019-07-18T06:45:37Z,4,4,C#,True,False,mit
ksemaev,ksemaev/offtop,2018-03-09T14:06:05Z,26,26,,True,True,
ksemaev,ksemaev/ontology-explorer,2019-06-24T12:13:21Z,6,6,Vue,True,True,
ksemaev,ksemaev/parity,2018-07-07T09:16:10Z,9,9,,True,True,
ksemaev,ksemaev/project_template,2018-03-25T11:32:13Z,83,83,Groovy,True,True,
Robi2810,Robi2810/avs-idz-1,2022-11-08T22:31:06Z,1,1,,True,True,
Robi2810,Robi2810/CampusTravel,2022-03-14T21:15:11Z,1,1,,True,True,
Robi2810,Robi2810/colloc,2023-02-06T15:45:24Z,1,1,Java,True,True,
Robi2810,Robi2810/colloc_na_0,2023-06-19T16:08:14Z,2,2,,True,True,
Robi2810,Robi2810/DeepSpace,2023-05-13T01:31:37Z,1,1,C#,True,True,
Robi2810,Robi2810/Degenerator_Vishnyakova,2023-07-13T16:55:42Z,8,8,Python,True,True,
Robi2810,Robi2810/DZ_4,2023-03-06T13:47:06Z,1,1,C,True,True,
Robi2810,Robi2810/DZ_5,2023-03-06T14:00:58Z,1,1,C,True,True,
Robi2810,Robi2810/IDZ2,2022-11-12T13:14:22Z,1,1,Assembly,True,True,
Robi2810,Robi2810/IDZ3,2022-11-26T12:50:46Z,3,3,Assembly,True,True,
Robi2810,Robi2810/IDZ_1,2022-10-21T22:37:56Z,0,0,Assembly,True,True,
Robi2810,Robi2810/idz_kpo_4,2023-06-06T19:43:54Z,1,1,C#,True,True,
Robi2810,Robi2810/methodologies_hse_2022,2023-01-20T14:52:09Z,1,1,,True,True,
Robi2810,Robi2810/NIS,2023-01-20T14:38:55Z,1,1,,True,True,
Robi2810,Robi2810/OS-idz-4,2023-06-11T20:13:03Z,4,4,C,True,True,
Robi2810,Robi2810/OS_IDZ_1,2023-03-19T11:28:06Z,2,2,C,True,True,
Robi2810,Robi2810/OS_IDZ_1w,2023-03-19T11:27:47Z,1,1,,True,True,
Robi2810,Robi2810/OS_IDZ_2,2023-04-23T16:37:32Z,1,1,C,True,True,
Robi2810,Robi2810/OS_IDZ_3,2023-05-20T10:22:36Z,2,2,C,True,True,
Robi2810,Robi2810/Robi2810,2023-06-22T12:13:42Z,5,5,,True,True,
Robi2810,Robi2810/SD-HW2,2022-12-27T10:50:08Z,2,2,Java,True,True,
Robi2810,Robi2810/sem_OS_10,2023-05-22T11:12:08Z,1,1,C,True,True,
Robi2810,Robi2810/sem_OS_11,2023-05-22T11:07:38Z,2,2,C,True,True,
Robi2810,Robi2810/sem_OS_12,2023-05-22T10:55:22Z,2,2,C,True,True,
Robi2810,Robi2810/Sezam,2024-09-14T22:52:14Z,0,0,,True,True,
Robi2810,Robi2810/Sezam_redesign,2024-09-15T19:10:39Z,0,0,,True,True,
Robi2810,Robi2810/sitepoint-github-profile,2022-12-12T15:30:26Z,1,1,,True,True,
Robi2810,Robi2810/textual,2024-05-26T19:49:30Z,0,0,,True,True,mit
Robi2810,Robi2810/UralKal,2022-04-22T13:08:35Z,3,3,JavaScript,True,True,
Robi2810,Robi2810/WebServiceFront,2024-03-19T07:10:50Z,0,0,,True,True,
yandex,yandex/AFL,2019-10-03T09:32:01Z,2,2,C,True,True,apache-2.0
yandex,yandex/agglomerative_clustering,2020-05-23T18:17:29Z,14,14,C++,True,True,mit
yandex,yandex/alice-skills,2018-05-18T11:49:10Z,177,177,Python,True,True,other
yandex,yandex/aperiodic_grille,2022-06-15T09:33:10Z,4,4,,True,True,
yandex,yandex/argon2,2017-07-06T14:23:03Z,80,80,C++,True,True,bsd-3-clause
yandex,yandex/audio-js,2016-05-25T15:54:26Z,185,185,JavaScript,True,True,other
yandex,yandex/balancer,2012-02-28T08:41:49Z,71,71,C,True,True,
yandex,yandex/browser-extensions,2016-07-28T15:37:15Z,32,32,JavaScript,True,True,
yandex,yandex/burp-molly-pack,2017-11-14T13:37:34Z,137,137,Java,True,True,bsd-3-clause
yandex,yandex/burp-molly-scanner,2017-11-14T16:07:17Z,154,154,Java,True,True,other
yandex,yandex/cggen,2021-03-23T16:53:14Z,21,21,Swift,True,True,other
yandex,yandex/ch-backup,2023-06-22T09:55:49Z,31,31,Python,True,True,mit
yandex,yandex/ch-tools,2023-06-22T09:57:24Z,28,28,Python,True,True,mit
yandex,yandex/cluster_metrics,2020-05-13T12:02:06Z,13,13,C++,True,True,mit
yandex,yandex/CMICOT,2016-12-13T15:19:15Z,42,42,C++,True,True,other
yandex,yandex/csp-reporter,2013-12-01T13:01:25Z,45,45,Python,True,True,gpl-2.0
yandex,yandex/csp-tester,2013-07-13T21:10:13Z,56,56,JavaScript,True,True,gpl-2.0
yandex,yandex/datasync-js,2015-03-25T13:25:36Z,33,33,JavaScript,True,True,other
yandex,yandex/deaf,2015-10-23T14:16:30Z,33,33,Java,True,True,other
yandex,yandex/dep_tregex,2016-07-26T16:32:04Z,21,21,Python,True,True,other
yandex,yandex/django_replicated,2010-02-19T15:24:18Z,352,352,Python,True,False,other
yandex,yandex/dmp,2024-05-31T07:29:22Z,3,3,,True,True,
yandex,yandex/domestic-roots-mobile,2022-12-20T15:17:41Z,1,1,Kotlin,True,True,other
yandex,yandex/domestic-roots-patch,2022-08-04T14:18:34Z,8,8,,True,True,bsd-3-clause
yandex,yandex/dpt,2016-10-19T15:25:03Z,41,41,JavaScript,True,True,other
yandex,yandex/dpt-docs,2017-02-28T12:56:31Z,0,0,JavaScript,True,True,other
yandex,yandex/dpt-scaffold,2017-02-28T12:56:48Z,0,0,JavaScript,True,True,other
yandex,yandex/erater,2016-03-01T13:08:28Z,10,10,Erlang,True,True,bsd-3-clause
yandex,yandex/erateserver,2016-03-01T13:12:05Z,7,7,Erlang,True,True,bsd-3-clause
yandex,yandex/evgen,2022-09-14T09:27:49Z,16,16,TypeScript,True,True,other
PHPTCloud,PHPTCloud/github-booster,2024-03-16T11:47:16Z,10,10,PHP,True,True,
PHPTCloud,PHPTCloud/is-day-off,2020-10-18T21:27:45Z,26,26,PHP,True,True,
PHPTCloud,PHPTCloud/jsend-symfony-bundle,2024-02-27T11:42:55Z,13,13,PHP,True,True,mit
PHPTCloud,PHPTCloud/microservices-template,2022-05-07T09:58:09Z,7,7,PHP,True,True,
PHPTCloud,PHPTCloud/password-entropy-validator,2024-03-08T22:50:07Z,11,11,PHP,True,True,mit
PHPTCloud,PHPTCloud/PHPTCloud,2024-02-25T10:48:02Z,8,8,,True,True,
PHPTCloud,PHPTCloud/telegram-api,2023-12-29T13:22:34Z,31,31,PHP,False,True,
tkhirianov,tkhirianov/2021_housework,2021-09-30T08:39:32Z,2,2,,True,True,gpl-3.0
tkhirianov,tkhirianov/ActionGame,2022-05-23T13:48:58Z,1,1,Python,True,True,gpl-3.0
tkhirianov,tkhirianov/bare_c_oop,2020-02-21T00:43:35Z,13,13,Makefile,True,True,gpl-3.0
tkhirianov,tkhirianov/brainhorn_presentation_2020,2020-02-29T07:14:17Z,4,4,Python,True,True,mit
tkhirianov,tkhirianov/cannon,2018-11-02T11:32:08Z,4,4,Python,True,True,gpl-3.0
tkhirianov,tkhirianov/course-site-python3,2022-03-28T09:33:41Z,0,0,,True,True,
tkhirianov,tkhirianov/cpp_1514_2020,2020-10-02T13:20:43Z,14,14,C++,True,True,gpl-3.0
tkhirianov,tkhirianov/cpp_lections_2017,2017-10-24T13:28:38Z,6,6,C++,True,True,gpl-3.0
tkhirianov,tkhirianov/crosses_and_zeroes,2021-11-11T08:33:36Z,3,3,Python,True,True,gpl-3.0
tkhirianov,tkhirianov/fibonacci_tdd_2021,2021-12-02T08:53:40Z,2,2,Python,True,True,gpl-3.0
tkhirianov,tkhirianov/foxford-vne-ege-2019-2020,2019-11-25T14:19:28Z,11,11,Python,True,True,gpl-3.0
tkhirianov,tkhirianov/foxford_2018,2018-11-19T13:45:06Z,3,3,Python,True,True,gpl-3.0
tkhirianov,tkhirianov/fox_class10,2015-11-11T15:55:22Z,2,2,,True,True,
tkhirianov,tkhirianov/fox_inf10_2016,2017-02-06T15:16:17Z,2,2,Python,True,True,gpl-3.0
tkhirianov,tkhirianov/fox_python_2016,2016-10-21T14:35:16Z,4,4,Python,True,True,gpl-3.0
tkhirianov,tkhirianov/ftsh_dagestan_7,2017-11-22T05:55:48Z,3,3,Python,True,True,gpl-3.0
tkhirianov,tkhirianov/games,2015-10-06T09:40:24Z,3,3,Python,True,True,
tkhirianov,tkhirianov/go_python,2016-05-27T14:04:12Z,7,7,Python,True,True,gpl-3.0
tkhirianov,tkhirianov/infa2021,2021-09-27T07:06:10Z,2,2,,True,True,gpl-3.0
tkhirianov,tkhirianov/kpk-foxford-2019,2019-09-11T15:42:35Z,4,4,Python,True,True,gpl-3.0
tkhirianov,tkhirianov/kpk2016,2016-07-05T14:24:40Z,15,15,Python,True,True,gpl-3.0
tkhirianov,tkhirianov/lab6,2015-10-06T05:53:43Z,1,1,Python,True,True,
tkhirianov,tkhirianov/lections,2015-11-16T15:37:17Z,6,6,TeX,True,True,gpl-3.0
tkhirianov,tkhirianov/lections_2019,2019-09-16T05:39:23Z,266,266,Python,True,True,gpl-3.0
tkhirianov,tkhirianov/lections_2020,2020-02-04T21:59:46Z,217,217,Python,True,True,other
tkhirianov,tkhirianov/lftsh_2016,2016-08-11T08:44:15Z,4,4,Python,True,True,gpl-3.0
tkhirianov,tkhirianov/MIPT_1_Py,2021-10-01T14:48:11Z,1,1,Python,True,True,
tkhirianov,tkhirianov/msu_supercomputing_academy,2016-06-27T13:16:28Z,4,4,C++,True,True,gpl-3.0
tkhirianov,tkhirianov/my_example_of_interf,2019-11-20T07:42:11Z,1,1,,True,True,
tkhirianov,tkhirianov/pascal,2012-11-12T16:20:23Z,1,1,Pascal,True,True,
esokolov,esokolov/ml-course-hse,2016-09-04T15:36:26Z,2992,2992,Jupyter Notebook,True,True,
esokolov,esokolov/ml-course-msu,2015-09-11T08:51:24Z,873,873,Jupyter Notebook,True,True,
esokolov,esokolov/ml-minor-hse,2016-01-17T12:11:47Z,72,72,Jupyter Notebook,True,True,
esokolov,esokolov/opt-microarray,2012-06-06T10:54:38Z,7,7,Matlab,True,True,
esokolov,esokolov/voronovo_seminar_materials,2018-01-26T09:24:29Z,6,6,Jupyter Notebook,True,True,
Good4lien,Good4lien/Blog,2019-08-13T01:41:19Z,72,72,JavaScript,True,True,
Good4lien,Good4lien/calculator,2022-04-02T14:08:25Z,58,58,C#,True,True,
Good4lien,Good4lien/cryptoParser,2023-03-02T05:49:00Z,24,24,Python,True,False,
Good4lien,Good4lien/Fibonacci,2023-03-01T19:26:31Z,56,56,Python,True,True,
Good4lien,Good4lien/Good4lien,2023-03-01T23:06:56Z,141,141,,True,True,
Good4lien,Good4lien/instagram-bot,2022-04-01T19:37:55Z,108,108,Python,True,True,
Good4lien,Good4lien/Metronome,2023-03-10T12:10:11Z,14,14,Python,True,True,
Good4lien,Good4lien/news_parser,2023-03-10T06:42:36Z,11,11,Python,True,True,
Good4lien,Good4lien/PC,2022-04-02T22:00:18Z,52,52,C#,True,True,
Good4lien,Good4lien/Polindrom,2023-03-01T19:32:35Z,50,50,Python,True,True,
Good4lien,Good4lien/Prime-numbers,2023-03-02T08:24:26Z,70,70,Python,True,True,
Good4lien,Good4lien/Python-ScreenShot,2023-03-02T08:16:09Z,72,72,Python,True,True,
Good4lien,Good4lien/SpaceX,2023-03-02T07:09:06Z,57,57,,True,True,
Good4lien,Good4lien/TextBot,2023-03-02T03:31:30Z,108,108,Python,True,True,
Good4lien,Good4lien/textToAudio,2023-03-05T02:50:19Z,53,53,Python,True,True,
Good4lien,Good4lien/tinderbot,2022-04-01T18:48:27Z,111,111,JavaScript,True,True,
Good4lien,Good4lien/Translater4books,2023-03-02T15:28:34Z,33,33,Python,True,False,
yandexdataschool,yandexdataschool/AgentNet,2016-02-28T16:42:28Z,301,301,Python,True,True,other
yandexdataschool,yandexdataschool/aleph2015,2015-08-21T21:02:22Z,0,0,HTML,True,True,
yandexdataschool,yandexdataschool/algorithms,2023-03-11T15:58:01Z,15,15,CSS,True,True,
yandexdataschool,yandexdataschool/anytask,2018-07-11T09:53:26Z,1,1,Python,True,True,mit
yandexdataschool,yandexdataschool/asml,2023-02-17T18:04:40Z,7,7,Jupyter Notebook,True,True,
yandexdataschool,yandexdataschool/CaloGAN,2017-10-09T17:21:50Z,6,6,Jupyter Notebook,True,True,other
yandexdataschool,yandexdataschool/cern-higgsml-baseline,2016-05-11T18:58:35Z,2,2,Jupyter Notebook,True,True,apache-2.0
yandexdataschool,yandexdataschool/cern_summer_school_2017,2017-07-31T15:57:32Z,2,2,Jupyter Notebook,True,True,apache-2.0
yandexdataschool,yandexdataschool/cms-dqm,2016-03-07T12:10:25Z,11,11,Jupyter Notebook,True,True,mit
yandexdataschool,yandexdataschool/comet-example-ci,2016-04-22T10:53:21Z,0,0,Jupyter Notebook,True,True,apache-2.0
yandexdataschool,yandexdataschool/comet-example-raw,2017-02-06T08:54:48Z,0,0,Jupyter Notebook,True,True,
yandexdataschool,yandexdataschool/Coursera-DL-env,2017-09-07T14:04:01Z,0,0,,True,True,
yandexdataschool,yandexdataschool/cpp0_course,2024-08-09T08:47:37Z,1,1,Python,True,True,
yandexdataschool,yandexdataschool/crayimage,2016-08-11T08:18:18Z,5,5,Python,True,True,mit
yandexdataschool,yandexdataschool/crowd_course,2024-03-11T17:58:35Z,1,1,Jupyter Notebook,True,True,
yandexdataschool,yandexdataschool/CSC_deeplearning,2017-01-31T21:08:50Z,25,25,Jupyter Notebook,True,True,
yandexdataschool,yandexdataschool/cuda_course,2024-08-09T15:13:56Z,4,4,Cuda,True,True,
yandexdataschool,yandexdataschool/darkmatter-2017,2017-11-06T03:17:59Z,4,4,Jupyter Notebook,True,True,mit
yandexdataschool,yandexdataschool/datanight2015-advanced-starterkit,2015-09-11T10:40:06Z,1,1,Python,True,True,
yandexdataschool,yandexdataschool/datanight2015-starterkit,2015-09-03T14:14:55Z,2,2,Python,True,True,
yandexdataschool,yandexdataschool/DataPopularity,2015-01-30T17:45:22Z,4,4,Jupyter Notebook,True,True,
yandexdataschool,yandexdataschool/deep_vision_and_graphics,2021-09-08T14:22:50Z,301,301,Jupyter Notebook,True,True,mit
yandexdataschool,yandexdataschool/dl-course-tensorflow,2017-02-08T14:00:47Z,4,4,,True,True,
yandexdataschool,yandexdataschool/dlatscale_draft,2021-02-15T11:31:45Z,7,7,Jupyter Notebook,True,True,unlicense
yandexdataschool,yandexdataschool/dqn_binder,2016-10-18T03:12:08Z,6,6,Jupyter Notebook,True,True,
yandexdataschool,yandexdataschool/dt,2017-04-17T19:06:49Z,5,5,Python,True,True,
yandexdataschool,yandexdataschool/dubna_dl,2015-12-07T09:07:19Z,0,0,Jupyter Notebook,True,True,
yandexdataschool,yandexdataschool/dubna_docker,2015-12-06T18:11:50Z,0,0,,True,True,
yandexdataschool,yandexdataschool/eScience-2016-everware,2016-10-04T23:21:47Z,1,1,CSS,True,True,
yandexdataschool,yandexdataschool/everware,2018-06-05T09:20:05Z,0,0,Python,True,True,bsd-3-clause
mig1023,mig1023/autoform,2018-12-02T12:14:16Z,19,19,Perl,False,False,
mig1023,mig1023/autoform.net,2020-09-26T16:02:18Z,17,17,C#,True,True,
mig1023,mig1023/autoform2,2020-04-05T19:06:43Z,19,19,Perl,True,True,
mig1023,mig1023/autotest,2018-12-01T12:20:15Z,19,19,Perl,False,False,
mig1023,mig1023/csharp-through-game-examples,2021-12-09T15:23:53Z,22,22,C#,True,True,
mig1023,mig1023/fileshub,2018-12-01T12:15:24Z,19,19,Perl,False,False,
mig1023,mig1023/graphmath,2018-12-01T12:23:05Z,19,19,C#,False,False,
mig1023,mig1023/injection-eater,2019-12-15T18:24:04Z,33,33,C#,True,True,
mig1023,mig1023/interceptor,2018-12-01T12:32:16Z,40,40,C#,False,False,
mig1023,mig1023/interceraptor,2024-07-31T09:02:48Z,1,1,C#,True,True,
mig1023,mig1023/pseudoneural,2018-12-01T11:56:44Z,18,18,C++,False,False,
mig1023,mig1023/rear-gunner,2023-04-21T14:06:47Z,24,24,C#,False,False,
mig1023,mig1023/seeker,2020-06-11T19:00:02Z,87,87,C#,False,False,
mig1023,mig1023/seeker-xml-maui,2024-10-22T11:11:03Z,0,0,C#,True,True,
mig1023,mig1023/shilka,2018-12-03T18:13:50Z,38,38,C#,False,False,
mig1023,mig1023/system2,2024-06-15T11:10:54Z,2,2,HTML,True,True,
mig1023,mig1023/twitnews,2018-12-01T12:18:06Z,19,19,Perl,False,False,
mig1023,mig1023/velociraptor,2019-01-01T18:44:32Z,36,36,C#,False,False,
mig1023,mig1023/vms-export,2018-12-01T12:24:37Z,20,20,JavaScript,False,False,
mig1023,mig1023/vms-helper,2024-03-20T13:58:29Z,5,5,JavaScript,True,True,
mig1023,mig1023/warhammer-army-assembler,2019-08-31T20:03:25Z,64,64,C#,False,False,
coffinxp,coffinxp/coffinxp,2024-07-31T01:57:54Z,44,44,,True,True,
coffinxp,coffinxp/corsExploit,2024-08-03T12:10:11Z,32,32,HTML,True,True,
coffinxp,coffinxp/customBsqli,2024-09-07T04:38:07Z,75,75,Python,True,True,
coffinxp,coffinxp/gFpattren,2024-09-03T14:58:15Z,47,47,,True,True,
coffinxp,coffinxp/img-payloads,2024-08-03T13:10:00Z,70,70,,True,True,
coffinxp,coffinxp/LostXtools,2024-09-12T08:13:32Z,72,72,Python,True,True,
coffinxp,coffinxp/loxs,2024-09-13T06:44:56Z,338,338,Python,True,True,
coffinxp,coffinxp/nuclei-templates,2024-10-14T14:53:31Z,71,71,,True,True,
coffinxp,coffinxp/oneListForall,2024-08-03T13:01:33Z,50,50,,True,True,
coffinxp,coffinxp/payloads,2024-08-03T12:27:09Z,137,137,,True,True,
coffinxp,coffinxp/pdFExploits,2024-08-03T12:12:03Z,46,46,,True,True,
klen,klen/.vim,2009-06-01T22:36:52Z,39,39,Vim script,True,True,
klen,klen/adrest,2011-03-31T20:13:47Z,42,42,Python,True,True,lgpl-3.0
klen,klen/aio-apiclient,2020-07-09T12:42:52Z,2,2,Python,True,True,mit
klen,klen/aio-databases,2021-08-13T11:27:31Z,14,14,Python,True,True,
klen,klen/aio-peewee,2020-10-02T11:07:45Z,11,11,Python,True,True,mit
klen,klen/aio-rest,2020-07-10T15:20:24Z,0,0,Python,True,True,mit
klen,klen/aioauth-client,2015-04-08T10:58:01Z,141,141,Python,True,True,mit
klen,klen/aiohttp,2015-03-13T10:15:28Z,0,0,Python,True,True,apache-2.0
klen,klen/aiorest-client,2019-01-30T17:29:47Z,0,0,Python,True,True,mit
klen,klen/apps,2018-08-31T07:55:32Z,0,0,JavaScript,True,True,
klen,klen/asgi-babel,2021-01-23T14:10:17Z,24,24,Python,True,True,mit
klen,klen/asgi-prometheus,2021-04-09T15:53:44Z,9,9,Python,True,True,mit
klen,klen/asgi-sessions,2020-11-14T17:29:45Z,8,8,Python,True,True,mit
klen,klen/asgi-tools,2020-10-29T11:23:24Z,35,35,Python,True,True,mit
klen,klen/atmark,2014-06-19T23:55:33Z,69,69,Python,True,True,bsd-3-clause
klen,klen/avalon,2013-06-29T05:12:07Z,0,0,Python,True,True,
klen,klen/awesome-asgi,2021-02-09T13:57:35Z,0,0,,True,False,cc0-1.0
klen,klen/awesome-asyncio,2023-03-25T09:05:13Z,0,0,,True,True,other
klen,klen/awesome-neovim,2021-12-22T21:30:28Z,0,0,,True,True,cc0-1.0
klen,klen/awesome-sqlalchemy,2014-09-29T13:39:37Z,0,0,,True,False,
klen,klen/bottle-config,2014-12-19T17:05:25Z,0,0,Python,True,True,mit
klen,klen/bottle-jade,2014-12-20T21:02:50Z,4,4,Python,True,True,mit
klen,klen/bottle-login,2014-12-20T14:48:59Z,9,9,Python,True,True,mit
klen,klen/bottle-manage,2014-12-22T21:51:06Z,2,2,Python,True,True,mit
klen,klen/bottle-peewee,2014-12-20T20:28:08Z,19,19,Python,True,True,mit
klen,klen/bottle-rauth,2014-12-22T19:53:45Z,0,0,Python,True,True,mit
klen,klen/chef-debrepo,2013-03-01T06:08:26Z,0,0,Ruby,True,True,
klen,klen/chef-repo,2012-10-17T18:23:49Z,0,0,Ruby,True,True,
klen,klen/compiler,2017-10-27T09:49:13Z,0,0,JavaScript,True,True,mit
klen,klen/concurrencytest,2013-06-11T02:52:11Z,0,0,Python,True,True,
AlariCode,AlariCode/0-basic-programming,2023-07-19T11:57:21Z,0,0,HTML,True,True,
AlariCode,AlariCode/1-mini-flexbox-1,2022-08-01T12:16:55Z,3,3,CSS,True,True,
AlariCode,AlariCode/10-linux-1,2023-06-28T15:06:38Z,1,1,Shell,True,True,
AlariCode,AlariCode/11-react-1,2023-07-13T10:32:07Z,14,14,JavaScript,True,True,
AlariCode,AlariCode/11-react-2,2023-08-11T09:41:14Z,13,13,TypeScript,True,True,
AlariCode,AlariCode/12-kubernetes-1,2023-10-06T10:06:26Z,4,4,Smarty,True,True,
AlariCode,AlariCode/13-react-native,2023-12-21T14:09:07Z,3,3,TypeScript,True,True,
AlariCode,AlariCode/15-go-basics-1,2024-03-27T10:13:55Z,0,0,Go,True,True,
AlariCode,AlariCode/15-go-basics-2,2024-04-11T09:31:27Z,0,0,Go,True,True,
AlariCode,AlariCode/15-go-basics-3,2024-04-16T10:16:37Z,0,0,Go,True,True,
AlariCode,AlariCode/15-go-basics-4,2024-04-19T13:54:15Z,0,0,Go,True,True,
AlariCode,AlariCode/15-go-basics-5,2024-06-05T09:46:22Z,0,0,Go,True,True,
AlariCode,AlariCode/16-go-advanced,2024-08-08T12:55:34Z,1,1,Go,True,True,
AlariCode,AlariCode/2-next-updated,2023-06-23T14:21:08Z,5,5,TypeScript,True,True,
AlariCode,AlariCode/4-mini-zustand,2024-05-31T15:18:41Z,2,2,TypeScript,True,True,
AlariCode,AlariCode/4-nodejs-demo-1,2021-09-08T13:08:30Z,44,44,JavaScript,True,True,
AlariCode,AlariCode/4-nodejs-demo-2,2021-09-10T15:58:48Z,9,9,JavaScript,True,True,
AlariCode,AlariCode/4-nodejs-demo-3,2021-09-18T08:04:41Z,23,23,TypeScript,True,True,
AlariCode,AlariCode/5-mini-neovim,2024-08-23T16:41:13Z,1,1,Lua,True,True,
AlariCode,AlariCode/5-typescript-demo-1,2021-12-02T09:06:13Z,47,47,JavaScript,True,True,
AlariCode,AlariCode/5-typescript-demo-2,2022-02-03T10:32:08Z,21,21,TypeScript,True,True,
AlariCode,AlariCode/6-microservices-demo-1,2022-05-01T15:22:08Z,22,22,TypeScript,True,True,
AlariCode,AlariCode/6-microservices-demo-2,2022-05-11T08:43:32Z,3,3,TypeScript,True,True,
AlariCode,AlariCode/7-javascript-1,2022-07-25T09:02:08Z,23,23,JavaScript,True,True,
AlariCode,AlariCode/8-javascript-advanced-1,2022-12-09T13:04:01Z,19,19,JavaScript,True,True,
AlariCode,AlariCode/9-html-css,2023-03-01T15:39:42Z,8,8,HTML,True,True,
AlariCode,AlariCode/al-cli,2020-12-30T14:03:48Z,0,0,TypeScript,True,True,
AlariCode,AlariCode/AlariCode,2021-07-27T13:56:06Z,2,2,,True,True,
AlariCode,AlariCode/ansible-demo,2021-06-26T07:17:44Z,13,13,Jinja,True,True,
AlariCode,AlariCode/astronvim,2023-03-28T14:30:36Z,1,1,Lua,True,True,
barancev,barancev/addressbook,2024-03-09T10:31:23Z,0,0,,True,True,apache-2.0
barancev,barancev/aft-repository,2021-07-27T19:39:52Z,0,0,,True,True,apache-2.0
barancev,barancev/AFT_Java_New,2021-10-22T04:44:35Z,0,0,,True,True,apache-2.0
barancev,barancev/allure-bug,2021-06-22T10:12:51Z,0,0,Java,True,True,
barancev,barancev/auto-confetqa-2012,2014-02-08T16:03:13Z,0,0,Java,True,True,apache-2.0
barancev,barancev/barancev.github.io,2014-11-19T17:36:49Z,0,0,CSS,True,False,mit
barancev,barancev/bazel-sample,2018-11-18T07:43:16Z,0,0,Java,True,True,apache-2.0
barancev,barancev/csharp_training,2017-02-09T13:16:33Z,0,0,C#,True,True,apache-2.0
barancev,barancev/decorated-webdriver,2016-03-18T21:07:12Z,14,14,Java,True,True,
barancev,barancev/feeling-responsive,2018-03-13T19:06:21Z,0,0,JavaScript,True,True,mit
barancev,barancev/ironpython_training,2015-04-10T14:38:09Z,0,0,Python,True,True,apache-2.0
barancev,barancev/jaeger-sample,2021-02-12T12:20:41Z,0,0,Java,True,True,
barancev,barancev/java_for_testers,2023-04-13T06:13:37Z,0,0,Java,True,True,
barancev,barancev/java_pft,2015-12-28T15:46:54Z,11,11,Java,True,True,apache-2.0
barancev,barancev/java_selenium_training,2016-05-05T14:32:11Z,3,3,Java,True,True,apache-2.0
barancev,barancev/jft_tmp,2023-11-13T20:30:10Z,0,0,Java,True,True,
barancev,barancev/junit_samples,2014-05-11T15:51:51Z,3,3,Java,True,True,apache-2.0
barancev,barancev/link-checker,2017-12-30T10:17:13Z,1,1,Java,True,True,apache-2.0
barancev,barancev/litecart-tests,2018-11-23T09:14:38Z,1,1,,True,True,
barancev,barancev/litecart_tests,2015-09-07T16:02:24Z,0,0,HTML,True,True,
barancev,barancev/maven-testng-java-modules-sample,2020-01-12T20:05:17Z,1,1,Java,True,True,
barancev,barancev/moodle-format_periods,2020-01-19T08:29:34Z,0,0,,True,True,
barancev,barancev/moodle-theme_aardvark,2020-01-19T12:18:27Z,0,0,PHP,True,True,
barancev,barancev/potapovDim,2021-02-15T15:37:17Z,0,0,,True,True,
barancev,barancev/python-gui-tests,2019-01-29T07:27:34Z,0,0,,True,True,
barancev,barancev/python_training,2017-10-14T15:05:15Z,0,0,,True,True,apache-2.0
barancev,barancev/python_training_final,2015-02-07T16:44:41Z,6,6,Python,True,True,apache-2.0
barancev,barancev/python_training_mantis,2015-04-20T13:19:55Z,0,0,Python,True,True,apache-2.0
barancev,barancev/runtime-suite,2014-07-03T16:06:07Z,0,0,,True,True,mit
barancev,barancev/sample-page-objects-mapped-by-dozer,2019-01-30T18:33:01Z,0,0,Java,True,True,
f213,f213/1on1-questions,2020-04-12T08:02:37Z,9,9,,True,True,mit
f213,f213/ama-presentation-deck,2020-02-20T19:43:46Z,4,4,Vue,True,True,
f213,f213/auth-module,2018-08-27T15:48:54Z,0,0,JavaScript,True,True,mit
f213,f213/awesome-crawler,2017-11-03T13:59:11Z,1,1,,True,True,mit
f213,f213/awesome-telegram,2018-08-12T12:40:50Z,0,0,,True,False,
f213,f213/awesome-telegram-chats,2018-08-12T12:45:38Z,0,0,,True,True,
f213,f213/awesome-telegram-ru,2018-08-12T12:47:44Z,3,3,,True,True,
f213,f213/ca,2012-03-31T08:56:13Z,0,0,PHP,True,True,mit
f213,f213/celery-once,2018-10-09T06:52:32Z,0,0,Python,True,True,bsd-2-clause
f213,f213/d,2018-09-12T08:40:39Z,1,1,Python,True,True,
f213,f213/dadata-client,2018-04-02T16:55:17Z,6,6,Python,True,True,mit
f213,f213/daily-hero,2022-12-20T17:59:54Z,0,0,,True,True,mit
f213,f213/discussion-sentinel-bot,2021-06-16T16:43:54Z,41,41,Python,False,False,
f213,f213/django-auditlog-compat,2018-11-22T07:26:55Z,0,0,Python,True,False,mit
f213,f213/django-behaviors,2017-12-29T11:51:34Z,0,0,Python,True,True,mit
f213,f213/django-celery-results,2021-11-13T09:32:12Z,0,0,,True,True,other
f213,f213/django-environ,2018-02-27T15:20:29Z,0,0,Python,True,True,mit
f213,f213/django-healthchecks,2020-11-30T07:43:00Z,1,1,Python,True,True,mit
f213,f213/django-jsonfield-compat,2020-05-19T16:26:27Z,0,0,Python,True,True,mit
f213,f213/django-mail-templated,2016-08-03T16:13:15Z,0,0,Python,True,True,mit
f213,f213/django-markdownx,2021-04-16T19:17:54Z,0,0,Python,True,False,other
f213,f213/django-money,2018-06-08T20:04:40Z,0,0,Python,True,True,other
f213,f213/django-pdfkit,2017-08-01T18:46:44Z,0,0,Python,True,True,mit
f213,f213/django-rest-framework-bulk,2017-12-08T11:38:28Z,0,0,Python,True,True,other
f213,f213/django-suit,2018-02-21T07:33:44Z,0,0,HTML,True,False,other
f213,f213/django-suit-daterange-filter,2016-09-15T18:50:29Z,18,18,Python,True,True,mit
f213,f213/django-vue-integration-demo-front,2020-01-26T11:52:53Z,0,0,Vue,True,True,
f213,f213/docker-compose-mtproxy,2019-01-21T06:44:24Z,0,0,,True,True,
f213,f213/docker-s3-cron-backup,2022-04-02T17:39:39Z,1,1,Shell,True,True,
f213,f213/docs,2018-11-12T09:05:06Z,0,0,PHP,True,True,
demidovakatya,demidovakatya/1,2016-06-29T18:55:47Z,4,4,Jupyter Notebook,True,True,
demidovakatya,demidovakatya/aakinshin.net,2015-09-30T23:01:45Z,0,0,HTML,True,False,
demidovakatya,demidovakatya/Agola-Color-Schemes,2015-12-24T16:53:31Z,0,0,,True,True,mit
demidovakatya,demidovakatya/AlgoWiki,2015-12-22T10:13:03Z,1,1,HTML,True,True,mit
demidovakatya,demidovakatya/awesome-datascience,2015-10-05T05:46:17Z,8,8,,True,True,mit
demidovakatya,demidovakatya/chat-logs-research,2016-12-17T09:00:06Z,2,2,Jupyter Notebook,True,True,
demidovakatya,demidovakatya/cheatsheets.pdf,2017-06-08T05:03:22Z,18,18,,True,False,
demidovakatya,demidovakatya/competitions,2016-10-23T05:17:20Z,14,14,HTML,True,False,
demidovakatya,demidovakatya/courses,2016-02-12T11:46:28Z,46,46,Jupyter Notebook,True,False,
demidovakatya,demidovakatya/data_science_snippets,2016-04-27T23:08:18Z,0,0,Jupyter Notebook,True,True,
demidovakatya,demidovakatya/demidovakatya.github.io,2015-11-01T21:52:03Z,7,7,CSS,True,False,
demidovakatya,demidovakatya/dlschool,2019-03-28T13:49:07Z,7,7,Jupyter Notebook,True,True,
demidovakatya,demidovakatya/frontdesk,2016-02-21T05:17:54Z,0,0,,True,False,
demidovakatya,demidovakatya/get-some-tweets,2016-12-27T05:03:10Z,2,2,Python,True,False,
demidovakatya,demidovakatya/ggcolors,2015-12-25T07:03:39Z,0,0,R,True,True,
demidovakatya,demidovakatya/gitignore,2015-12-23T09:00:38Z,0,0,,True,False,mit
demidovakatya,demidovakatya/javascript-obfuscator,2016-05-26T20:22:33Z,1,1,TypeScript,True,True,
demidovakatya,demidovakatya/jekyll,2016-02-08T11:02:07Z,0,0,Ruby,True,True,mit
demidovakatya,demidovakatya/kagglers,2016-02-28T21:40:31Z,8,8,,True,False,
demidovakatya,demidovakatya/learnGitBranching,2016-01-13T21:51:25Z,1,1,JavaScript,True,True,mit
demidovakatya,demidovakatya/mackup,2015-12-14T22:27:57Z,0,0,Python,True,False,gpl-3.0
demidovakatya,demidovakatya/MarkdownEditing,2016-02-05T08:42:29Z,0,0,JavaScript,True,True,
demidovakatya,demidovakatya/markov-chains,2016-09-18T09:43:04Z,18,18,Python,True,False,
demidovakatya,demidovakatya/mashinnoye-obucheniye,2016-02-13T20:46:46Z,310,310,Jupyter Notebook,True,True,
demidovakatya,demidovakatya/ML-Scripts,2016-03-18T15:50:11Z,0,0,Jupyter Notebook,True,True,
demidovakatya,demidovakatya/movies,2016-11-18T23:27:20Z,2,2,Jupyter Notebook,True,True,
demidovakatya,demidovakatya/notebooks,2016-02-27T09:11:31Z,1,1,Jupyter Notebook,True,True,
demidovakatya,demidovakatya/obscene_words_ru,2017-07-22T00:42:31Z,4,4,,True,True,
demidovakatya,demidovakatya/oh-my-fish,2016-03-30T08:11:56Z,1,1,Shell,True,True,mit
demidovakatya,demidovakatya/oh-my-fish-old,2016-01-02T14:35:54Z,1,1,Shell,True,True,mit
farag2,farag2/ADB-Debloating,2020-02-05T10:19:53Z,203,203,PowerShell,False,True,mit
farag2,farag2/Adobe-Acrobat-DC-Setup,2019-08-16T10:11:47Z,131,131,PowerShell,False,False,mit
farag2,farag2/Delete-old-drivers,2019-09-02T11:36:06Z,20,20,PowerShell,False,False,mit
farag2,farag2/farag2,2021-05-23T15:57:38Z,5,5,,True,True,
farag2,farag2/Google-Chrome,2021-08-22T19:49:56Z,12,12,PowerShell,True,True,mit
farag2,farag2/Hyper-V,2019-08-10T19:52:28Z,46,46,PowerShell,False,False,mit
farag2,farag2/Install-Office,2019-09-03T07:18:20Z,305,305,VBScript,False,False,mit
farag2,farag2/Mozilla-Firefox,2019-09-05T07:02:39Z,58,58,JavaScript,False,False,mit
farag2,farag2/NVidia-Driver-Downloader,2022-07-31T13:36:49Z,30,30,PowerShell,True,True,mit
farag2,farag2/PC-information,2019-08-27T08:28:38Z,54,54,PowerShell,False,False,mit
farag2,farag2/ReVanced-Builder,2022-08-30T20:58:59Z,74,74,PowerShell,True,True,mit
farag2,farag2/Sophia-Script-for-Windows,2018-10-17T11:09:58Z,7703,7703,PowerShell,False,False,mit
farag2,farag2/Utilities,2020-02-11T05:53:10Z,513,513,PowerShell,False,False,
farag2,farag2/Windows-8.1-Setup-Script,2018-10-17T11:14:35Z,19,19,PowerShell,False,False,mit
farag2,farag2/Windows-Terminal,2022-08-24T17:07:27Z,24,24,PowerShell,True,True,mit
4n70w4,4n70w4/ansible-laravel-init-project-role,2023-03-11T23:48:07Z,0,0,,True,True,
4n70w4,4n70w4/ansible-tas-playbook,2023-03-07T14:04:20Z,0,0,,True,True,
4n70w4,4n70w4/autocomplete,2018-04-10T17:22:35Z,4,4,PHP,True,True,
4n70w4,4n70w4/awesome-hearthstone,2019-02-11T05:52:47Z,9,9,,True,True,
4n70w4,4n70w4/awesome-instagram,2019-02-11T07:44:58Z,12,12,,True,True,
4n70w4,4n70w4/awx-test,2023-03-06T20:33:34Z,0,0,,True,True,
4n70w4,4n70w4/base-client,2019-09-25T10:39:01Z,6,6,PHP,True,True,
4n70w4,4n70w4/community.general,2020-10-26T11:03:09Z,0,0,,True,False,gpl-3.0
4n70w4,4n70w4/fmwconcepts-imagemagicktools,2019-01-18T18:27:05Z,3,3,Shell,True,True,
4n70w4,4n70w4/framework,2020-01-29T12:41:26Z,0,0,,True,False,mit
4n70w4,4n70w4/framework-patches,2020-01-29T14:17:15Z,0,0,,True,True,
4n70w4,4n70w4/gopenator,2018-04-10T16:27:19Z,4,4,Go,True,True,
4n70w4,4n70w4/government-bundle,2020-08-28T08:56:39Z,0,0,PHP,True,True,mit
4n70w4,4n70w4/guzzle,2019-06-20T09:28:03Z,2,2,PHP,True,False,mit
4n70w4,4n70w4/Instagram-API,2018-06-18T19:07:46Z,1,1,PHP,False,False,other
4n70w4,4n70w4/jenkins-as-code,2021-03-06T13:12:33Z,0,0,Groovy,True,True,
4n70w4,4n70w4/json-patch-php,2019-10-08T15:43:45Z,2,2,PHP,True,True,
4n70w4,4n70w4/JSONPath,2019-06-18T12:40:30Z,1,1,PHP,True,True,mit
4n70w4,4n70w4/JsonPath-1,2019-10-11T11:52:17Z,1,1,PHP,True,True,mit
4n70w4,4n70w4/konga,2020-09-23T10:35:36Z,0,0,,True,True,mit
4n70w4,4n70w4/Laravel-Exceptions,2021-03-22T09:04:17Z,0,0,,True,False,mit
4n70w4,4n70w4/laravel-nova-belongsto-dependency,2019-11-27T15:44:49Z,4,4,,True,True,mit
4n70w4,4n70w4/laravel-permission,2020-08-26T16:08:46Z,0,0,,True,True,mit
4n70w4,4n70w4/lincebi,2021-06-28T11:24:37Z,0,0,,True,False,gpl-3.0
4n70w4,4n70w4/linkify-text,2018-10-27T17:14:12Z,1,1,PHP,True,True,gpl-2.0
4n70w4,4n70w4/math-expression-builder,2019-09-27T12:15:56Z,6,6,PHP,True,True,
4n70w4,4n70w4/nova-chartjs,2021-01-12T12:51:53Z,0,0,,True,True,mit
4n70w4,4n70w4/nova-date-range-filter,2020-07-07T16:43:10Z,0,0,,True,True,
4n70w4,4n70w4/nova-index-textarea,2020-03-07T21:20:00Z,0,0,,True,False,mit
4n70w4,4n70w4/nova-permissions,2020-08-26T16:09:43Z,0,0,,True,True,
iksergey,iksergey/an-incredible-calculator,2024-04-14T14:07:57Z,0,0,,True,False,
iksergey,iksergey/api-explorer-hub,2024-04-29T08:24:25Z,0,0,C#,True,False,
iksergey,iksergey/article-tree,2023-04-07T00:51:38Z,1,1,C#,True,True,
iksergey,iksergey/css-style-library,2024-04-02T07:07:36Z,1,1,,True,False,
iksergey,iksergey/empty,2024-09-26T19:23:26Z,0,0,,True,True,
iksergey,iksergey/flexboxfroggy,2024-04-02T08:14:01Z,0,0,JavaScript,True,True,mit
iksergey,iksergey/flukeout,2024-09-20T21:00:27Z,0,0,,True,False,mpl-2.0
iksergey,iksergey/gridgarden,2024-04-03T11:53:21Z,0,0,JavaScript,True,True,mit
iksergey,iksergey/hobby,2022-08-12T23:56:36Z,23,23,C#,True,True,
iksergey,iksergey/html-handbook,2024-04-02T06:35:50Z,0,0,,True,False,
iksergey,iksergey/iksergey,2022-08-09T02:07:50Z,1,1,,True,True,
iksergey,iksergey/iksergey.github.io,2022-10-02T21:21:21Z,1,1,HTML,True,True,
iksergey,iksergey/income-calculator,2024-07-16T07:43:16Z,0,0,JavaScript,True,True,
iksergey,iksergey/java-utils-toolkit,2024-08-01T21:14:23Z,0,0,Java,True,True,
iksergey,iksergey/javascript-mastery-journey,2024-05-19T22:34:06Z,3,3,JavaScript,True,True,
iksergey,iksergey/markdown-mastery,2024-04-02T05:32:09Z,3,3,,True,True,
iksergey,iksergey/net-react-fusion,2024-04-17T22:39:36Z,0,0,JavaScript,True,False,
iksergey,iksergey/oh-my-git,2022-11-24T23:53:36Z,0,0,HTML,False,False,
iksergey,iksergey/oh-my-java-bot,2024-09-17T21:25:27Z,2,2,Java,True,True,
iksergey,iksergey/path-to-csharp-expertise,2024-05-10T14:33:48Z,0,0,C#,True,True,
iksergey,iksergey/react-event,2024-06-12T16:45:59Z,0,0,,True,True,
iksergey,iksergey/react-quick-start,2024-04-16T10:56:15Z,0,0,JavaScript,True,False,
iksergey,iksergey/SignalR,2023-04-28T03:13:05Z,1,1,C#,True,True,
iksergey,iksergey/SortingTypes,2023-01-11T18:11:27Z,80,80,C#,True,True,
iksergey,iksergey/spring-boot-todo-mastery,2024-06-27T23:34:12Z,5,5,Java,True,True,
iksergey,iksergey/spring-security-book,2024-09-08T22:47:34Z,0,0,Java,True,True,
iksergey,iksergey/sqlite-practice-for-expert,2024-06-23T10:30:43Z,0,0,,True,False,
iksergey,iksergey/steps-of-object-thinking,2024-04-14T18:46:38Z,0,0,,False,False,
milabs,milabs/awesome-linux-rootkits,2018-06-30T09:08:39Z,1706,1706,,True,True,cc0-1.0
milabs,milabs/cmake_is_shit,2019-10-02T21:18:05Z,47,47,,True,True,
milabs,milabs/dbapi,2013-06-03T20:18:28Z,0,0,Shell,True,True,
milabs,milabs/drop-tcp-sock,2018-06-09T20:31:25Z,72,72,C,True,True,
milabs,milabs/go-multisig,2021-04-24T19:31:45Z,2,2,Go,True,True,
milabs,milabs/khook,2018-09-01T20:27:45Z,327,327,C,True,True,gpl-2.0
milabs,milabs/kiddy,2024-02-29T21:27:04Z,13,13,C,True,True,
milabs,milabs/kjector,2023-05-18T12:23:34Z,19,19,C,False,False,gpl-2.0
milabs,milabs/kmatryoshka,2018-10-20T11:44:07Z,50,50,C,True,True,gpl-2.0
milabs,milabs/kmod_extable,2013-10-09T09:29:35Z,2,2,C,True,True,gpl-2.0
milabs,milabs/kmod_fakelsm,2013-10-03T20:14:50Z,2,2,C,True,True,gpl-2.0
milabs,milabs/kmod_fstrash,2014-01-26T16:22:19Z,9,9,C,True,True,
milabs,milabs/kmod_hidden,2013-12-08T19:17:45Z,6,6,C,True,True,gpl-2.0
milabs,milabs/kmod_hooking,2013-12-17T10:58:10Z,27,27,C,True,True,gpl-2.0
milabs,milabs/kmod_hooking_sct,2014-12-10T21:12:02Z,17,17,C,True,True,
milabs,milabs/kopycat,2021-02-27T22:07:00Z,66,66,C,True,True,
milabs,milabs/lkrg,2022-01-20T01:41:17Z,0,0,C,True,False,other
milabs,milabs/lkrg-bypass,2020-01-08T01:08:12Z,71,71,C,True,True,
milabs,milabs/milabs.github.io,2019-10-09T19:55:52Z,0,0,,False,False,
milabs,milabs/perl-file-queue,2012-04-19T20:18:24Z,0,0,Perl,True,True,
milabs,milabs/SharedMemory,2013-07-22T20:33:07Z,0,0,,True,True,gpl-2.0
milabs,milabs/stamina,2015-02-17T16:09:58Z,41,41,C,True,True,gpl-2.0
milabs,milabs/tmwng,2016-04-12T12:11:41Z,0,0,Perl,True,True,mit
milabs,milabs/veseh,2013-08-07T19:04:14Z,1,1,,True,True,
netology-code,netology-code/-andfree-project,2021-04-16T10:32:42Z,2,2,Kotlin,True,True,
netology-code,netology-code/1-_final_diploma,2020-06-15T13:11:07Z,0,0,,True,True,
netology-code,netology-code/1c-diploma,2020-02-17T08:36:14Z,1,1,,True,True,
netology-code,netology-code/1c-homeworks,2020-02-17T08:28:32Z,44,44,,True,True,
netology-code,netology-code/a1ios-homeworks,2019-09-24T11:03:16Z,2,2,,True,True,
netology-code,netology-code/a2ios-homeworks,2019-09-24T11:26:34Z,0,0,,True,True,
netology-code,netology-code/a3ios-homeworks,2019-09-24T11:27:17Z,0,0,,True,True,
netology-code,netology-code/a4ios-homeworks,2019-09-24T11:27:55Z,0,0,,True,True,
netology-code,netology-code/a5ios-homeworks,2019-09-24T11:28:37Z,0,0,,True,True,
netology-code,netology-code/a6ios-homeworks,2019-09-24T11:29:38Z,0,0,,True,True,
netology-code,netology-code/adpy-team-diplom,2022-02-21T10:59:18Z,5,5,Python,True,True,
netology-code,netology-code/ago-code,2020-08-10T12:29:36Z,2,2,Go,True,True,
netology-code,netology-code/ago-docker-k8s,2020-10-12T08:17:29Z,1,1,Go,True,True,
netology-code,netology-code/ago-homeworks,2020-07-13T21:04:52Z,3,3,Go,True,True,
netology-code,netology-code/ago-k8s-stateful,2021-01-05T15:20:51Z,0,0,HTML,True,True,
netology-code,netology-code/ago-k8s-stateless,2021-01-04T18:48:15Z,0,0,HTML,True,True,
netology-code,netology-code/ahj-2-code,2021-06-23T10:47:04Z,1,1,JavaScript,True,True,
netology-code,netology-code/ahj-code,2020-11-15T03:26:43Z,3,3,JavaScript,True,True,
netology-code,netology-code/ahj-diploma,2019-04-11T15:20:38Z,0,0,,True,True,
netology-code,netology-code/ahj-homeworks,2019-02-26T15:51:20Z,9,9,JavaScript,True,True,
netology-code,netology-code/ahj-templates,2019-04-01T21:42:57Z,0,0,JavaScript,True,True,
netology-code,netology-code/aios-homeworks,2020-06-08T16:56:35Z,8,8,Swift,True,True,
netology-code,netology-code/ajs,2020-06-25T00:44:32Z,0,0,JavaScript,True,True,
netology-code,netology-code/ajs-code,2020-06-07T21:55:05Z,4,4,JavaScript,True,True,
netology-code,netology-code/ajs-homeworks,2019-10-15T06:56:52Z,6,6,JavaScript,True,True,
netology-code,netology-code/ajs-platforms,2020-07-30T11:48:10Z,0,0,Kotlin,True,True,
netology-code,netology-code/ajs-task,2020-09-24T06:14:22Z,0,0,,True,True,
netology-code,netology-code/ajs-templates,2019-04-01T14:54:06Z,1,1,JavaScript,True,True,
netology-code,netology-code/algo-homeworks,2020-06-29T17:49:35Z,9,9,,True,True,
netology-code,netology-code/algocpp-homeworks,2022-03-16T15:51:54Z,0,0,,True,True,
stek29,stek29/android_kernel_xiaomi_msm8956,2017-01-29T14:08:06Z,0,0,C,True,True,other
stek29,stek29/aoc2021,2021-12-13T07:11:00Z,0,0,Haskell,True,True,mit
stek29,stek29/async_awake-fun,2017-12-17T20:56:54Z,47,47,C,True,True,
stek29,stek29/awful-offset-finder,2017-08-25T15:07:24Z,8,8,C,True,True,
stek29,stek29/base100,2019-05-11T11:45:09Z,3,3,Go,True,True,other
stek29,stek29/bitnami-charts,2020-04-12T21:12:08Z,0,0,,True,False,other
stek29,stek29/bmstu-prog,2017-06-29T06:07:39Z,0,0,C++,True,True,unlicense
stek29,stek29/brew,2018-03-12T10:22:08Z,1,1,Ruby,True,False,bsd-2-clause
stek29,stek29/cert-manager,2022-08-22T03:22:54Z,0,0,,True,True,apache-2.0
stek29,stek29/ChameleonMini-rebooted,2019-04-10T02:19:52Z,0,0,C,True,True,other
stek29,stek29/cilium,2021-12-29T07:52:38Z,1,1,,True,False,apache-2.0
stek29,stek29/cloudflare-ddns,2020-07-20T03:15:07Z,2,2,,True,True,mit
stek29,stek29/Cybele,2020-03-19T20:16:19Z,0,0,,True,True,apache-2.0
stek29,stek29/cyrepo,2017-07-09T21:30:43Z,2,2,Shell,False,False,
stek29,stek29/darling,2017-06-11T17:57:45Z,0,0,C,True,True,gpl-3.0
stek29,stek29/docker-plugin-hostnic,2019-03-31T08:45:57Z,0,0,Go,True,True,
stek29,stek29/docs,2022-06-23T12:41:38Z,0,0,,True,False,apache-2.0
stek29,stek29/dotfiles,2018-03-10T00:43:15Z,7,7,Shell,True,True,mit
stek29,stek29/droid-config-kenzo,2017-01-29T14:55:48Z,0,0,,True,True,
stek29,stek29/droid-hal-kenzo,2017-01-29T13:59:50Z,0,0,,True,True,
stek29,stek29/droid-hal-version-kenzo,2017-01-29T15:24:15Z,0,0,,True,True,
stek29,stek29/e,2018-12-09T03:34:16Z,0,0,Assembly,True,True,
stek29,stek29/electra,2018-01-13T12:06:04Z,0,0,C,True,True,gpl-3.0
stek29,stek29/external-secrets,2024-08-27T07:41:55Z,0,0,,True,True,apache-2.0
stek29,stek29/fakesyslog,2019-08-10T00:17:51Z,1,1,C,True,True,
stek29,stek29/fakeTGUIKit,2018-11-08T00:49:38Z,2,2,Swift,True,True,
stek29,stek29/finicky,2024-10-02T10:44:24Z,1,1,,True,True,mit
stek29,stek29/Flycut,2018-05-12T16:47:03Z,0,0,Objective-C,True,False,mit
stek29,stek29/frida-core,2017-10-10T20:21:59Z,0,0,C,True,True,other
stek29,stek29/fsmon,2018-03-26T16:20:47Z,0,0,C,True,False,mit
ivanpopelyshev,ivanpopelyshev/alchemancy,2018-05-09T20:42:08Z,0,0,TypeScript,True,True,
ivanpopelyshev,ivanpopelyshev/amcharts3-webgl,2021-11-09T13:34:24Z,0,0,JavaScript,True,True,mit
ivanpopelyshev,ivanpopelyshev/autotiles-demo,2013-12-09T15:54:19Z,2,2,JavaScript,True,True,mit
ivanpopelyshev,ivanpopelyshev/awayjs-parcel-test,2019-08-29T16:01:47Z,0,0,JavaScript,True,True,
ivanpopelyshev,ivanpopelyshev/awesome-kotlin,2016-11-07T15:16:15Z,0,0,JavaScript,True,True,
ivanpopelyshev,ivanpopelyshev/awesome-pixijs,2019-02-14T13:13:28Z,11,11,,True,True,
ivanpopelyshev,ivanpopelyshev/bombermine-assets,2015-10-07T23:51:34Z,0,0,,True,True,apache-2.0
ivanpopelyshev,ivanpopelyshev/bombermine-shuffle,2013-03-05T11:05:55Z,46,46,JavaScript,True,True,
ivanpopelyshev,ivanpopelyshev/bombermine-tiles-demo,2013-06-08T13:37:51Z,3,3,Java,True,True,
ivanpopelyshev,ivanpopelyshev/bombermoon,2020-01-27T18:33:25Z,2,2,JavaScript,True,True,
ivanpopelyshev,ivanpopelyshev/Canvas2DtoWebGL,2022-12-31T15:38:55Z,0,0,,True,True,mit
ivanpopelyshev,ivanpopelyshev/casino-server,2016-05-19T14:01:09Z,1,1,JavaScript,True,True,mit
ivanpopelyshev,ivanpopelyshev/charts,2022-03-24T09:17:48Z,2,2,JavaScript,True,True,mit
ivanpopelyshev,ivanpopelyshev/corescript,2017-03-01T16:22:44Z,1,1,JavaScript,True,True,mit
ivanpopelyshev,ivanpopelyshev/dealport,2015-01-01T14:46:26Z,0,0,JavaScript,True,True,agpl-3.0
ivanpopelyshev,ivanpopelyshev/DefinitelyTyped,2016-11-06T12:56:24Z,0,0,TypeScript,True,True,other
ivanpopelyshev,ivanpopelyshev/disunity,2015-10-20T16:12:40Z,0,0,Java,True,True,unlicense
ivanpopelyshev,ivanpopelyshev/dreemgl,2017-03-23T12:48:58Z,0,0,JavaScript,True,True,apache-2.0
ivanpopelyshev,ivanpopelyshev/eureca.io,2016-02-01T15:49:37Z,0,0,JavaScript,True,True,
ivanpopelyshev,ivanpopelyshev/fae,2016-08-16T14:02:53Z,1,1,JavaScript,True,True,mit
ivanpopelyshev,ivanpopelyshev/FastPixel,2016-03-09T20:20:18Z,0,0,JavaScript,True,True,apache-2.0
ivanpopelyshev,ivanpopelyshev/filters,2024-03-20T11:43:21Z,2,2,,True,False,mit
ivanpopelyshev,ivanpopelyshev/FlaTWorld,2016-07-17T19:33:03Z,0,0,JavaScript,True,True,agpl-3.0
ivanpopelyshev,ivanpopelyshev/geekbrains-2020-08-04,2020-08-04T17:27:01Z,0,0,JavaScript,True,True,
ivanpopelyshev,ivanpopelyshev/geekbrains-lesson-server,2019-12-16T17:42:50Z,0,0,JavaScript,True,True,mit
ivanpopelyshev,ivanpopelyshev/grunt-jsmin-sourcemap,2014-05-20T11:53:04Z,0,0,JavaScript,True,True,unlicense
ivanpopelyshev,ivanpopelyshev/icancode-contest,2016-10-15T19:44:13Z,0,0,Java,True,True,mit
ivanpopelyshev,ivanpopelyshev/instagib.io,2017-10-25T16:21:05Z,1,1,JavaScript,True,True,mit
ivanpopelyshev,ivanpopelyshev/jackson-module-kotlin,2017-01-16T10:53:16Z,0,0,Kotlin,True,True,
ivanpopelyshev,ivanpopelyshev/java-game-server,2015-06-11T00:26:22Z,0,0,Java,True,True,mit
chip-red-pill,chip-red-pill/crbus_scripts,2020-05-21T16:44:43Z,118,118,Python,True,True,
chip-red-pill,chip-red-pill/glm-ucode,2020-05-19T09:50:19Z,277,277,,True,True,
chip-red-pill,chip-red-pill/glm_ucode_patch_parser,2022-07-27T21:45:34Z,15,15,Python,True,True,
chip-red-pill,chip-red-pill/IntelTXE-PoC,2020-05-19T09:45:40Z,138,138,Python,True,True,
chip-red-pill,chip-red-pill/MicrocodeDecryptor,2022-07-18T19:07:32Z,1490,1490,Python,True,True,
chip-red-pill,chip-red-pill/Sildes,2021-09-01T13:11:21Z,18,18,,True,True,
chip-red-pill,chip-red-pill/uCodeDisasm,2021-05-18T07:26:28Z,351,351,Python,True,True,
chip-red-pill,chip-red-pill/udbgInstr,2021-07-07T14:53:09Z,109,109,C++,True,True,
chip-red-pill,chip-red-pill/visa_sec_access,2023-02-03T18:05:39Z,9,9,C++,True,True,
bdemeshev,bdemeshev/angles_probabilities,2021-07-02T17:51:25Z,0,0,TeX,True,True,unlicense
bdemeshev,bdemeshev/arxiv-style,2021-07-14T16:49:44Z,0,0,,True,False,mit
bdemeshev,bdemeshev/auction_azbuka,2017-01-05T13:06:18Z,2,2,TeX,True,True,
bdemeshev,bdemeshev/awesome_time_series_in_python,2017-09-17T19:59:33Z,1,1,,True,True,
bdemeshev,bdemeshev/azbuka,2017-10-10T06:39:08Z,4,4,R,True,True,
bdemeshev,bdemeshev/bdemeshev.github.io,2016-09-14T13:11:07Z,0,0,CSS,True,True,mit
bdemeshev,bdemeshev/bigr,2014-09-29T10:38:43Z,0,0,R,True,True,
bdemeshev,bdemeshev/bookdown_rus_example,2019-03-12T10:15:02Z,0,0,CSS,True,True,cc0-1.0
bdemeshev,bdemeshev/bvarr,2014-07-25T06:00:51Z,22,22,R,True,True,
bdemeshev,bdemeshev/bvarrKK,2016-08-16T06:28:37Z,3,3,R,True,True,
bdemeshev,bdemeshev/bvar_om,2015-07-10T09:15:36Z,14,14,MATLAB,True,True,
bdemeshev,bdemeshev/cameron,2014-03-07T14:52:44Z,0,0,TeX,True,True,
bdemeshev,bdemeshev/cbr,2016-02-08T14:17:01Z,4,4,R,True,True,
bdemeshev,bdemeshev/complan_pro,2023-06-19T17:24:37Z,0,0,TeX,True,True,unlicense
bdemeshev,bdemeshev/complex_analysis_2024_spring,2023-06-05T08:54:45Z,0,0,,True,True,unlicense
bdemeshev,bdemeshev/coursera_linal,2020-07-15T21:10:59Z,12,12,TeX,True,True,
bdemeshev,bdemeshev/coursera_metrics,2014-09-02T18:07:06Z,13,13,HTML,True,True,
bdemeshev,bdemeshev/coursera_sc,2022-01-26T10:10:42Z,2,2,TeX,True,True,
bdemeshev,bdemeshev/coursera_ts,2021-01-27T09:15:56Z,0,0,,True,True,cc0-1.0
bdemeshev,bdemeshev/course_works,2016-07-04T19:00:58Z,0,0,TeX,True,True,
bdemeshev,bdemeshev/cuped_statistician_viewpoint,2021-10-20T14:53:51Z,2,2,TeX,True,True,unlicense
bdemeshev,bdemeshev/cv,2016-09-17T11:50:54Z,0,0,TeX,True,True,
bdemeshev,bdemeshev/dap_sr_final,2020-12-19T08:22:04Z,0,0,Jupyter Notebook,True,True,cc0-1.0
bdemeshev,bdemeshev/datamos,2014-11-14T19:56:15Z,2,2,R,True,True,
bdemeshev,bdemeshev/demdem,2014-12-09T16:57:49Z,0,0,R,True,True,
bdemeshev,bdemeshev/do401,2013-01-09T12:16:13Z,0,0,,True,True,
bdemeshev,bdemeshev/dsge_study,2017-03-05T11:08:08Z,4,4,Jupyter Notebook,True,True,
bdemeshev,bdemeshev/dvfu-hse-probability-statistics,2022-05-10T08:10:47Z,0,0,TeX,True,True,mit
bdemeshev,bdemeshev/Econometrics-Rosetta-Stone,2019-09-15T16:23:51Z,0,0,HTML,True,True,
bdemeshev,bdemeshev/edxr,2016-02-19T07:17:50Z,0,0,R,True,True,
KANKOSHEV,KANKOSHEV/ADVobfuscator,2021-06-16T16:56:06Z,2,2,,True,True,
KANKOSHEV,KANKOSHEV/anti-cheat-emulator,2021-05-08T08:28:45Z,0,0,,True,True,
KANKOSHEV,KANKOSHEV/AvastHV,2021-06-19T16:20:43Z,0,0,,True,True,
KANKOSHEV,KANKOSHEV/be-shellcode-tester,2021-12-25T14:41:08Z,4,4,,True,True,
KANKOSHEV,KANKOSHEV/CheekyBlinder,2021-06-05T09:47:04Z,0,0,,True,True,
KANKOSHEV,KANKOSHEV/CiDllDemo,2021-03-30T20:56:15Z,1,1,,True,True,mit
KANKOSHEV,KANKOSHEV/Controlling-The-Driver-With-IOCTL,2021-07-15T14:15:34Z,3,3,,True,True,
KANKOSHEV,KANKOSHEV/CosMapper,2021-08-08T13:58:50Z,9,9,,True,True,
KANKOSHEV,KANKOSHEV/Cvc,2021-03-28T20:51:54Z,0,0,,True,True,
KANKOSHEV,KANKOSHEV/CVEAC-2020,2021-05-23T11:26:48Z,0,0,,True,True,gpl-3.0
KANKOSHEV,KANKOSHEV/Detect-HiddenThread-via-KPRCB,2022-02-11T08:35:36Z,68,68,C,True,True,
KANKOSHEV,KANKOSHEV/Detect-KeAttachProcess,2022-02-08T19:54:24Z,110,110,C,True,True,
KANKOSHEV,KANKOSHEV/Detect-MouseClassServiceCallback,2022-02-07T08:45:25Z,47,47,C,True,True,
KANKOSHEV,KANKOSHEV/Detect-VM-and-Hypervisor,2021-06-19T16:18:03Z,8,8,,True,True,
KANKOSHEV,KANKOSHEV/Diminish-self-leak,2021-07-12T14:54:02Z,2,2,,True,True,
KANKOSHEV,KANKOSHEV/DSMM,2021-05-23T09:47:21Z,0,0,,True,True,
KANKOSHEV,KANKOSHEV/EACReversing,2021-05-08T08:29:33Z,0,0,,True,True,
KANKOSHEV,KANKOSHEV/EASY-HWID-SPOOFER,2021-02-16T11:57:03Z,10,10,,True,True,gpl-3.0
KANKOSHEV,KANKOSHEV/EasyAntiPatchGuard,2021-05-22T08:31:48Z,10,10,,True,True,
KANKOSHEV,KANKOSHEV/edgegdi_hook,2021-02-05T08:35:34Z,0,0,,True,True,
KANKOSHEV,KANKOSHEV/EFI_Driver_Access,2021-05-22T06:30:35Z,2,2,,True,True,
KANKOSHEV,KANKOSHEV/face-injector-v2,2020-11-17T14:55:24Z,263,263,C,True,True,
KANKOSHEV,KANKOSHEV/FortniteCheatSRCUpdateEveryUpdate,2021-05-12T15:44:44Z,2,2,,True,False,other
KANKOSHEV,KANKOSHEV/gina_public,2021-04-12T12:40:54Z,0,0,,True,True,
KANKOSHEV,KANKOSHEV/hwid_spoofer,2021-06-08T20:05:29Z,0,0,,True,False,
KANKOSHEV,KANKOSHEV/HyperHide,2021-07-01T09:43:28Z,3,3,,True,True,gpl-3.0
KANKOSHEV,KANKOSHEV/idaplugins-list,2021-05-24T21:29:39Z,3,3,,True,True,
KANKOSHEV,KANKOSHEV/IGodsEye-Reborn,2021-05-17T07:17:12Z,1,1,,True,True,
KANKOSHEV,KANKOSHEV/ImDuino,2021-08-12T20:08:59Z,0,0,,True,True,mit
KANKOSHEV,KANKOSHEV/imgui-gdi,2021-11-23T09:29:18Z,0,0,,True,True,mit
